ROC_AUC,Accuracy,Precision,Recall,F1_Score
0.8777374826904547,0.8092682926829269,0.8056095138654389,0.8092682926829269,0.8025893977560997
